lemRank,lemma,PoS,lemFreq,wordFreq,word
1,the,a,50033612,50033323,the
2,be,v,32394756,10093608,is
2,be,v,32394756,6848519,was
2,be,v,32394756,5046995,be
2,be,v,32394756,4983145,are
2,be,v,32394756,2378665,were
2,be,v,32394756,1874157,been
2,be,v,32394756,711507,being
2,be,v,32394756,448411,am
2,be,v,32394756,9826,s
3,and,c,24778098,24778098,and
4,a,a,24225478,21166065,a
4,a,a,24225478,3059411,an
5,of,i,23159162,23159162,of
6,to,t,16770155,16257508,to
6,to,t,16770155,431893,na
6,to,t,16770155,80754,ta
7,in,i,15670692,15670692,in
8,I,p,14217601,14217601,i
9,you,p,12079413,12053228,you
9,you,p,12079413,25316,ya
10,it,p,11042044,11042044,it
11,have,v,10514314,5023456,have
11,have,v,10514314,2723573,had
11,have,v,10514314,2443889,has
11,have,v,10514314,318547,having
12,to,i,9232572,9232572,to
13,that,c,8319512,8319510,that
14,for,i,8194970,8194970,for
15,do,v,8186412,4501047,do
15,do,v,8186412,1889734,did
15,do,v,8186412,964997,does
15,do,v,8186412,461455,doing
15,do,v,8186412,356317,done
15,do,v,8186412,9657,doin
16,he,p,6467470,6467470,he
17,with,i,6442861,6442861,with
18,on,i,6080156,6080156,on
19,this,d,5541355,5541355,this
21,we,p,5180711,5180711,we
22,that,d,5002963,5002961,that
23,not,x,4655980,4655980,not
24,but,c,4523086,4523086,but
25,they,p,4503650,4503650,they
26,say,v,4096416,2039196,said
26,say,v,4096416,955726,say
26,say,v,4096416,837850,says
26,say,v,4096416,263644,saying
27,at,i,4024079,4024075,at
28,what,d,3807502,3807502,what
29,his,a,3718978,3718978,his
30,from,i,3711425,3711425,from
31,go,v,3546732,1235814,go
31,go,v,3546732,1218389,going
31,go,v,3546732,376951,went
31,go,v,3546732,354396,gon
31,go,v,3546732,181192,gone
31,go,v,3546732,169236,goes
31,go,v,3546732,10678,goin
32,or,c,3420339,3420339,or
33,by,i,3372222,3372222,by
34,get,v,3347615,1743855,get
34,get,v,3347615,1059927,got
34,get,v,3347615,327522,getting
34,get,v,3347615,157871,gets
34,get,v,3347615,57871,gotten
35,she,p,3188078,3188077,she
36,my,a,3106939,3106939,my
37,can,v,3091046,2515641,can
37,can,v,3091046,575405,ca
38,as,c,2946119,2946119,as
39,know,v,2761628,2110629,know
39,know,v,2761628,278027,knew
39,know,v,2761628,174757,known
39,know,v,2761628,138180,knows
39,know,v,2761628,59778,knowing
40,if,c,2709809,2709806,if
41,me,p,2638743,2638743,me
42,your,a,2577505,2577505,your
43,all,d,2503556,2503556,all
44,who,p,2493429,2493429,who
45,about,i,2427703,2427703,about
46,their,a,2417058,2417058,their
47,will,v,2372215,2154429,will
47,will,v,2372215,217786,wo
48,so,r,2369749,2369749,so
49,would,v,2349400,2349400,would
50,make,v,2290830,1023483,make
50,make,v,2290830,706697,made
50,make,v,2290830,297469,making
50,make,v,2290830,262880,makes
51,just,r,2270900,2270900,just
52,up,r,2108756,2108756,up
53,think,v,2077762,1483944,think
53,think,v,2077762,390032,thought
53,think,v,2077762,135649,thinking
53,think,v,2077762,68137,thinks
54,time,n,2018725,1669431,time
54,time,n,2018725,349294,times
55,there,e,1980173,1980173,there
56,see,v,1958700,1255990,see
56,see,v,1958700,294139,seen
56,see,v,1958700,264260,saw
56,see,v,1958700,94126,seeing
56,see,v,1958700,50185,sees
57,her,a,1931189,1931186,her
58,as,i,1880190,1880190,as
59,out,r,1828593,1828593,out
60,one,m,1816593,1816593,one
61,come,v,1802158,912036,come
61,come,v,1802158,402931,came
61,come,v,1802158,262894,coming
61,come,v,1802158,219129,comes
62,people,n,1800205,1782910,people
62,people,n,1800205,17166,peoples
63,take,v,1768822,858510,take
63,take,v,1768822,347229,took
63,take,v,1768822,218805,taking
63,take,v,1768822,191544,taken
63,take,v,1768822,151261,takes
64,year,n,1729962,1032285,years
64,year,n,1729962,697677,year
65,him,p,1717209,1717209,him
66,them,p,1701589,1691297,them
66,them,p,1701589,10284,em
67,some,d,1684262,1684262,some
68,want,v,1671524,1081592,want
68,want,v,1671524,319671,wanted
68,want,v,1671524,164501,wants
68,want,v,1671524,78930,wan
68,want,v,1671524,26799,wanting
69,how,r,1666469,1666469,how
70,when,c,1650353,1650353,when
71,which,d,1613281,1613281,which
72,now,r,1601991,1601991,now
73,like,i,1583444,1583444,like
74,other,j,1539952,1278825,other
74,other,j,1539952,261127,others
75,could,v,1529795,1529795,could
76,our,a,1467955,1467955,our
77,into,i,1461573,1461573,into
78,here,r,1413594,1413594,here
79,then,r,1344434,1344434,then
80,than,c,1342798,1342798,than
81,look,v,1338475,631460,look
81,look,v,1338475,303570,looking
81,look,v,1338475,228813,looked
81,look,v,1338475,174087,looks
82,way,n,1260011,1099245,way
82,way,n,1260011,160766,ways
83,more,r,1248955,1248955,more
84,these,d,1223310,1223310,these
85,no,a,1206112,1206112,no
86,thing,n,1202004,630338,things
86,thing,n,1202004,571666,thing
87,well,r,1189096,1189096,well
88,because,c,1167024,1167024,because
89,also,r,1142799,1142799,also
90,two,m,1139973,1139230,two
91,use,v,1126042,438637,used
91,use,v,1126042,372427,use
91,use,v,1126042,267330,using
91,use,v,1126042,47648,uses
92,tell,v,1119692,529417,tell
92,tell,v,1119692,427203,told
92,tell,v,1119692,99297,telling
92,tell,v,1119692,63752,tells
93,good,j,1111721,1111721,good
94,first,m,1101803,1101803,first
95,man,n,1091176,741815,man
95,man,n,1091176,348491,men
96,day,n,1068902,715593,day
96,day,n,1068902,353299,days
97,find,v,1051936,511861,find
97,find,v,1051936,442025,found
97,find,v,1051936,60353,finding
97,find,v,1051936,37694,finds
98,give,v,1048189,462452,give
98,give,v,1048189,196336,given
98,give,v,1048189,188322,gave
98,give,v,1048189,113435,giving
98,give,v,1048189,87333,gives
99,more,d,1037966,1037966,more
100,new,j,1017175,1000338,new
100,new,j,1017175,9148,newest
100,new,j,1017175,7689,newer
101,one,p,999446,999445,one
102,us,p,992207,992207,us
103,any,d,981535,981535,any
104,those,d,964458,964458,those
105,very,r,963552,963552,very
106,her,p,959780,959780,her
107,need,v,945498,640460,need
107,need,v,945498,163176,needed
107,need,v,945498,133052,needs
107,need,v,945498,8810,needing
108,back,r,938649,938649,back
109,there,r,932354,932354,there
110,should,v,920908,920908,should
111,even,r,920346,920346,even
112,only,r,905093,905093,only
113,many,d,903833,903830,many
114,really,r,895900,895900,really
115,work,v,854095,356692,work
115,work,v,854095,242183,working
115,work,v,854095,154898,worked
115,work,v,854095,98090,works
116,life,n,852257,719311,life
116,life,n,852257,132017,lives
117,why,r,832911,832911,why
118,right,r,830729,830729,right
119,down,r,820294,820294,down
120,on,r,818739,818737,on
121,try,v,795248,327461,trying
121,try,v,795248,275985,try
121,try,v,795248,162174,tried
121,try,v,795248,26715,tries
122,let,v,780929,747708,let
122,let,v,780929,33221,letting
123,something,p,779903,774329,something
123,something,p,779903,5386,somethin
124,too,r,771375,771375,too
125,call,v,768117,365320,called
125,call,v,768117,267297,call
125,call,v,768117,79129,calling
125,call,v,768117,56371,calls
126,woman,n,759817,442808,women
126,woman,n,759817,316749,woman
127,may,v,757742,757742,may
128,still,r,757548,757548,still
129,through,i,752325,752325,through
130,mean,v,748840,471179,mean
130,mean,v,748840,161683,means
130,mean,v,748840,91547,meant
130,mean,v,748840,24428,meaning
131,after,i,745154,745154,after
132,never,r,744608,744608,never
133,no,u,743203,743203,no
134,world,n,732511,714815,world
134,world,n,732511,17696,worlds
135,in,r,726590,726590,in
136,feel,v,722826,382789,feel
136,feel,v,722826,208624,felt
136,feel,v,722826,65911,feeling
136,feel,v,722826,65502,feels
137,yeah,u,703928,703928,yeah
138,great,j,696589,551990,great
138,great,j,696589,89341,greater
138,great,j,696589,55258,greatest
139,last,m,692989,692989,last
140,child,n,685426,441998,children
140,child,n,685426,242214,child
141,oh,u,685234,685234,oh
142,over,i,679617,679617,over
143,ask,v,676596,304831,asked
143,ask,v,676596,247585,ask
143,ask,v,676596,88039,asking
143,ask,v,676596,36141,asks
144,when,r,669530,669530,when
145,as,r,662376,662376,as
146,school,n,660191,526204,school
146,school,n,660191,133987,schools
147,state,n,638012,514086,state
147,state,n,638012,123926,states
148,much,d,636642,636642,much
149,talk,v,635614,290634,talk
149,talk,v,635614,243433,talking
149,talk,v,635614,83814,talked
149,talk,v,635614,12725,talks
149,talk,v,635614,5008,talkin
150,out,i,634959,634959,out
151,keep,v,626487,399487,keep
151,keep,v,626487,117830,kept
151,keep,v,626487,63438,keeping
151,keep,v,626487,45732,keeps
152,leave,v,622651,290116,left
152,leave,v,622651,209155,leave
152,leave,v,622651,88694,leaving
152,leave,v,622651,34652,leaves
153,put,v,616952,499855,put
153,put,v,616952,76441,putting
153,put,v,616952,40500,puts
154,like,v,614691,516981,like
154,like,v,614691,59976,liked
154,like,v,614691,33961,likes
155,help,v,606887,412389,help
155,help,v,606887,93520,helped
155,help,v,606887,56645,helping
155,help,v,606887,44333,helps
156,big,j,600364,470295,big
156,big,j,600364,74504,biggest
156,big,j,600364,55565,bigger
157,where,r,597351,597351,where
158,same,d,592441,592440,same
159,all,r,591610,591610,all
160,own,d,579172,579171,own
161,while,c,579023,579023,while
162,start,v,578246,234383,started
162,start,v,578246,212064,start
162,start,v,578246,75161,starting
162,start,v,578246,56638,starts
163,three,m,570885,569831,three
164,high,j,567720,382871,high
164,high,j,567720,139409,higher
164,high,j,567720,45440,highest
165,every,a,567233,567232,every
166,another,d,565094,565094,another
167,become,v,561963,276455,become
167,become,v,561963,158624,became
167,become,v,561963,67172,becomes
167,become,v,561963,59709,becoming
168,most,r,561354,561354,most
169,between,i,558517,558517,between
170,happen,v,552797,227662,happened
170,happen,v,552797,165832,happen
170,happen,v,552797,97340,happens
170,happen,v,552797,61611,happening
171,family,n,544520,439984,family
171,family,n,544520,104355,families
172,over,r,538724,538724,over
173,president,n,538319,519368,president
173,president,n,538319,18951,presidents
174,old,j,537424,424754,old
174,old,j,537424,94843,older
174,old,j,537424,17827,oldest
175,yes,u,537066,537066,yes
176,house,n,537037,493925,house
176,house,n,537037,43112,houses
177,show,v,536889,219076,show
177,show,v,536889,94154,showed
177,show,v,536889,92709,shows
177,show,v,536889,73808,shown
177,show,v,536889,57142,showing
178,again,r,530706,530706,again
179,student,n,530196,383212,students
179,student,n,530196,146984,student
180,so,c,523232,523231,so
181,seem,v,522940,214633,seems
181,seem,v,522940,161006,seem
181,seem,v,522940,144601,seemed
182,might,v,521992,521992,might
183,part,n,517693,432718,part
183,part,n,517693,84908,parts
184,hear,v,516483,236297,hear
184,hear,v,516483,230010,heard
184,hear,v,516483,39965,hearing
184,hear,v,516483,10162,hears
185,its,a,511922,511922,its
186,place,n,508803,420367,place
186,place,n,508803,88436,places
187,problem,n,504175,313786,problem
187,problem,n,504175,190388,problems
188,where,c,500755,500755,where
189,believe,v,500511,374664,believe
189,believe,v,500511,63891,believed
189,believe,v,500511,46037,believes
189,believe,v,500511,14947,believing
190,country,n,499369,377285,country
190,country,n,499369,121774,countries
191,always,r,492943,492940,always
192,week,n,484834,326468,week
192,week,n,484834,158366,weeks
193,point,n,484094,376038,point
193,point,n,484094,108056,points
194,hand,n,481332,293252,hand
194,hand,n,481332,188080,hands
195,off,r,479459,479457,off
196,play,v,478740,200898,play
196,play,v,478740,126839,playing
196,play,v,478740,113113,played
196,play,v,478740,37890,plays
197,turn,v,477668,197898,turned
197,turn,v,477668,156614,turn
197,turn,v,477668,70251,turns
197,turn,v,477668,52905,turning
198,few,d,472804,472804,few
199,group,n,470971,318338,group
199,group,n,470971,152631,groups
200,such,d,468655,468655,such
201,against,i,467705,467705,against
202,run,v,465066,200749,run
202,run,v,465066,126232,running
202,run,v,465066,88953,ran
202,run,v,465066,48933,runs
203,guy,n,464082,251329,guy
203,guy,n,464082,212753,guys
204,about,r,462995,462995,about
205,case,n,458383,332608,case
205,case,n,458383,125761,cases
206,question,n,457301,280915,question
206,question,n,457301,176346,questions
207,work,n,456169,456169,work
208,night,n,452094,422103,night
208,night,n,452094,29991,nights
209,live,v,450380,225055,live
209,live,v,450380,96940,living
209,live,v,450380,88904,lived
209,live,v,450380,39481,lives
210,game,n,445149,309629,game
210,game,n,445149,135520,games
211,number,n,444412,341148,number
211,number,n,444412,103264,numbers
212,write,v,439865,128179,wrote
212,write,v,439865,115267,write
212,write,v,439865,90234,written
212,write,v,439865,71268,writing
212,write,v,439865,34379,writes
213,bring,v,439445,197457,bring
213,bring,v,439445,151748,brought
213,bring,v,439445,48526,bringing
213,bring,v,439445,41497,brings
214,without,i,438567,438567,without
215,money,n,437583,436987,money
216,lot,n,437545,436374,lot
217,most,d,435849,435849,most
218,book,n,435387,301135,book
218,book,n,435387,134252,books
219,system,n,435303,334678,system
219,system,n,435303,100590,systems
220,government,n,434971,396071,government
220,government,n,434971,36356,governments
221,next,m,433864,433864,next
222,city,n,433843,374113,city
222,city,n,433843,59531,cities
223,company,n,432469,285396,company
223,company,n,432469,146834,companies
224,story,n,432184,319427,story
224,story,n,432184,112748,stories
225,today,r,431562,430978,today
226,job,n,430995,312739,job
226,job,n,430995,118256,jobs
227,move,v,430324,177058,move
227,move,v,430324,119916,moved
227,move,v,430324,105732,moving
227,move,v,430324,27618,moves
228,must,v,427796,427796,must
229,bad,j,426558,284576,bad
229,bad,j,426558,79431,worse
229,bad,j,426558,61940,worst
230,friend,n,423755,232077,friends
230,friend,n,423755,191678,friend
231,during,i,423624,423624,during
232,begin,v,421878,183819,began
232,begin,v,421878,112391,begin
232,begin,v,421878,49838,begins
232,begin,v,421878,43471,beginning
232,begin,v,421878,32256,begun
233,love,v,417532,291899,love
233,love,v,417532,80254,loved
233,love,v,417532,35268,loves
233,love,v,417532,10111,loving
234,each,d,414659,414659,each
235,hold,v,413837,153835,hold
235,hold,v,413837,146205,held
235,hold,v,413837,74285,holding
235,hold,v,413837,39512,holds
236,different,j,413578,413560,different
237,American,j,410698,410698,american
238,little,j,404660,403861,little
239,before,i,402959,402959,before
240,ever,r,402590,402590,ever
241,word,n,402216,212038,words
241,word,n,402216,190178,word
242,fact,n,399574,345343,fact
242,fact,n,399574,54231,facts
243,right,n,389906,237110,right
243,right,n,389906,152796,rights
244,read,v,386137,277492,read
244,read,v,386137,90693,reading
244,read,v,386137,17952,reads
245,anything,p,384508,384431,anything
246,nothing,p,383744,383492,nothing
247,sure,j,383701,382742,sure
248,small,j,382563,316939,small
248,small,j,382563,57368,smaller
248,small,j,382563,8256,smallest
249,month,n,381833,232315,months
249,month,n,381833,149518,month
250,program,n,375708,238992,program
250,program,n,375708,129328,programs
250,program,n,375708,5210,programme
251,maybe,r,374325,374325,maybe
252,right,j,373934,373875,right
253,under,i,373903,373903,under
254,business,n,373744,323875,business
254,business,n,373744,49781,businesses
255,home,n,370758,308494,home
255,home,n,370758,62262,homes
256,kind,n,367584,315812,kind
256,kind,n,367584,51772,kinds
257,stop,v,366567,238017,stop
257,stop,v,366567,87070,stopped
257,stop,v,366567,22865,stops
257,stop,v,366567,18615,stopping
258,pay,v,365255,192521,pay
258,pay,v,365255,96873,paid
258,pay,v,365255,57762,paying
258,pay,v,365255,17758,pays
259,study,n,364915,231371,study
259,study,n,364915,133544,studies
260,since,c,363805,363805,since
261,issue,n,362137,189225,issue
261,issue,n,362137,172912,issues
262,name,n,361916,294687,name
262,name,n,361916,67229,names
263,idea,n,358006,264704,idea
263,idea,n,358006,93302,ideas
264,room,n,357682,322540,room
264,room,n,357682,35142,rooms
265,percent,n,357515,357395,percent
266,far,r,357192,258381,far
266,far,r,357192,84817,further
266,far,r,357192,13099,farther
267,away,r,355515,355515,away
268,law,n,354958,276417,law
268,law,n,354958,78541,laws
269,actually,r,353857,353857,actually
270,large,j,353703,218116,large
270,large,j,353703,74657,larger
270,large,j,353703,60930,largest
271,though,c,352608,352608,though
272,provide,v,351941,160610,provide
272,provide,v,351941,77215,provided
272,provide,v,351941,65301,provides
272,provide,v,351941,48815,providing
273,lose,v,351650,188655,lost
273,lose,v,351650,98897,lose
273,lose,v,351650,52271,losing
273,lose,v,351650,11827,loses
274,power,n,351483,316185,power
274,power,n,351483,35298,powers
275,kid,n,351451,244401,kids
275,kid,n,351451,107050,kid
276,war,n,350575,316055,war
276,war,n,350575,34399,wars
277,understand,v,349141,260832,understand
277,understand,v,349141,48143,understood
277,understand,v,349141,25030,understanding
277,understand,v,349141,15071,understands
278,head,n,348664,305041,head
278,head,n,348664,43616,heads
279,mother,n,348470,317758,mother
279,mother,n,348470,30697,mothers
280,real,j,348239,348112,real
281,best,j,348202,347992,best
282,team,n,348063,279385,team
282,team,n,348063,68678,teams
283,eye,n,347153,250976,eyes
283,eye,n,347153,96177,eye
284,long,r,345462,219956,long
284,long,r,345462,123823,longer
285,long,j,345005,304483,long
285,long,j,345005,31804,longer
285,long,j,345005,8718,longest
286,side,n,342841,283887,side
286,side,n,342841,58954,sides
287,water,n,342574,322723,water
287,water,n,342574,19851,waters
288,young,j,341002,273963,young
288,young,j,341002,55200,younger
288,young,j,341002,11839,youngest
289,wait,v,339926,202393,wait
289,wait,v,339926,98445,waiting
289,wait,v,339926,32430,waited
289,wait,v,339926,6658,waits
290,okay,r,339699,339646,okay
291,both,d,338454,338454,both
292,yet,r,338408,338408,yet
293,after,c,334050,334050,after
294,meet,v,333954,154553,meet
294,meet,v,333954,125147,met
294,meet,v,333954,37988,meeting
294,meet,v,333954,16266,meets
295,service,n,332313,189557,service
295,service,n,332313,142756,services
296,area,n,331866,212812,area
296,area,n,331866,119054,areas
297,important,j,331646,331610,important
298,person,n,330987,297155,person
298,person,n,330987,33787,persons
299,hey,u,330236,330236,hey
300,thank,v,330129,320733,thank
300,thank,v,330129,5271,thanked
301,much,r,329230,329230,much
302,someone,p,328998,328933,someone
303,end,n,328699,305011,end
303,end,n,328699,23688,ends
304,change,v,327637,165752,change
304,change,v,327637,110107,changed
304,change,v,327637,38154,changing
304,change,v,327637,13624,changes
305,however,r,326015,326015,however
306,only,j,325917,325875,only
307,around,r,324064,324064,around
308,hour,n,323999,205126,hours
308,hour,n,323999,118873,hour
309,everything,p,323760,323679,everything
310,national,j,321960,321960,national
311,four,m,319834,318242,four
312,line,n,319492,232649,line
312,line,n,319492,86843,lines
313,girl,n,319120,198521,girl
313,girl,n,319120,120599,girls
314,around,i,318942,318942,around
315,watch,v,318772,135170,watch
315,watch,v,318772,106853,watching
315,watch,v,318772,65729,watched
315,watch,v,318772,11020,watches
316,until,c,318392,318392,until
317,father,n,318173,298634,father
317,father,n,318173,19522,fathers
318,sit,v,315022,107677,sit
318,sit,v,315022,89691,sitting
318,sit,v,315022,89451,sat
318,sit,v,315022,27948,sits
319,create,v,314631,128135,create
319,create,v,314631,105662,created
319,create,v,314631,58051,creating
319,create,v,314631,22783,creates
320,information,n,314341,314179,information
321,car,n,313437,244367,car
321,car,n,313437,69070,cars
322,learn,v,312649,142963,learn
322,learn,v,312649,103201,learned
322,learn,v,312649,58901,learning
322,learn,v,312649,5869,learns
323,least,r,311569,311569,least
324,already,r,311502,311502,already
325,kill,v,307305,128811,killed
325,kill,v,307305,128182,kill
325,kill,v,307305,38550,killing
325,kill,v,307305,11762,kills
326,minute,n,306541,214678,minutes
326,minute,n,306541,91856,minute
327,party,n,304325,242877,party
327,party,n,304325,61448,parties
328,include,v,304197,126985,include
328,include,v,304197,91680,included
328,include,v,304197,69205,includes
328,include,v,304197,16327,including
329,stand,v,303462,109655,stand
329,stand,v,303462,83842,stood
329,stand,v,303462,71447,standing
329,stand,v,303462,38518,stands
330,together,r,302942,302942,together
331,back,n,302390,290437,back
331,back,n,302390,11953,backs
332,follow,v,300266,105100,follow
332,follow,v,300266,87774,followed
332,follow,v,300266,75047,following
332,follow,v,300266,32345,follows
333,health,n,300262,300245,health
334,remember,v,298221,239542,remember
334,remember,v,298221,32527,remembered
334,remember,v,298221,15284,remembers
334,remember,v,298221,10791,remembering
335,often,r,295709,295709,often
336,reason,n,295577,207182,reason
336,reason,n,295577,88395,reasons
337,speak,v,295523,115795,speak
337,speak,v,295523,66734,spoke
337,speak,v,295523,62470,speaking
337,speak,v,295523,26197,speaks
337,speak,v,295523,23909,spoken
338,ago,r,294921,294921,ago
339,set,v,293144,238088,set
339,set,v,293144,34265,setting
339,set,v,293144,20791,sets
340,black,j,293101,292399,black
341,member,n,292596,191123,members
341,member,n,292596,101473,member
342,community,n,290489,233540,community
342,community,n,290489,56949,communities
343,once,r,290446,290446,once
344,social,j,290372,290372,social
345,news,n,289175,289175,news
346,allow,v,288559,103001,allow
346,allow,v,288559,97541,allowed
346,allow,v,288559,49908,allows
346,allow,v,288559,38109,allowing
347,win,v,288308,120577,win
347,win,v,288308,111441,won
347,win,v,288308,39182,winning
347,win,v,288308,17108,wins
348,body,n,287817,239952,body
348,body,n,287817,47865,bodies
349,lead,v,285740,112363,led
349,lead,v,285740,88324,lead
349,lead,v,285740,45581,leading
349,lead,v,285740,39472,leads
350,continue,v,282352,139943,continue
350,continue,v,282352,62935,continues
350,continue,v,282352,61732,continued
350,continue,v,282352,17742,continuing
351,whether,c,280973,280973,whether
352,enough,r,280789,280789,enough
353,spend,v,280371,126462,spent
353,spend,v,280371,98601,spend
353,spend,v,280371,42803,spending
353,spend,v,280371,12505,spends
354,level,n,279770,179229,level
354,level,n,279770,100541,levels
355,able,j,279559,279559,able
356,political,j,279410,279410,political
357,almost,r,279393,279393,almost
358,boy,n,279283,174960,boy
358,boy,n,279283,103479,boys
359,University,n,279132,256092,university
359,University,n,279132,23040,universities
360,before,c,276286,276286,before
361,stay,v,275504,192705,stay
361,stay,v,275504,39808,stayed
361,stay,v,275504,30623,staying
361,stay,v,275504,12368,stays
362,add,v,275233,116975,add
362,add,v,275233,84161,added
362,add,v,275233,40691,adding
362,add,v,275233,33406,adds
363,later,r,274178,274178,later
364,change,n,274132,161045,change
364,change,n,274132,113085,changes
365,five,m,270274,269427,five
366,probably,r,269732,269732,probably
367,center,n,268821,223995,center
367,center,n,268821,32519,centers
367,center,n,268821,10949,centre
368,among,i,267798,267798,among
369,face,n,266458,233958,face
369,face,n,266458,32500,faces
370,public,j,265061,265061,public
371,die,v,264537,122342,died
371,die,v,264537,103062,die
371,die,v,264537,25370,dying
371,die,v,264537,13763,dies
372,food,n,262697,230138,food
372,food,n,262697,32559,foods
373,else,r,261804,261804,else
374,history,n,261045,253399,history
374,history,n,261045,7646,histories
375,buy,v,260201,143700,buy
375,buy,v,260201,69753,bought
375,buy,v,260201,40068,buying
375,buy,v,260201,6676,buys
376,result,n,259961,148716,results
376,result,n,259961,111245,result
377,morning,n,259129,252813,morning
377,morning,n,259129,6277,mornings
378,off,i,258852,258851,off
379,parent,n,258181,214379,parents
379,parent,n,258181,43802,parent
380,office,n,258157,233912,office
380,office,n,258157,24184,offices
381,course,r,257245,257245,course
382,send,v,256309,114259,sent
382,send,v,256309,95100,send
382,send,v,256309,33935,sending
382,send,v,256309,13003,sends
383,research,n,255123,254594,research
384,walk,v,253671,92188,walk
384,walk,v,253671,81082,walked
384,walk,v,253671,57982,walking
384,walk,v,253671,22419,walks
385,door,n,252623,210094,door
385,door,n,252623,42529,doors
386,white,j,251664,250592,white
387,several,d,251543,251543,several
388,court,n,250891,216977,court
388,court,n,250891,33913,courts
389,home,r,250331,250331,home
390,grow,v,248803,76073,grow
390,grow,v,248803,65518,grew
390,grow,v,248803,48845,growing
390,grow,v,248803,42869,grown
390,grow,v,248803,15400,grows
391,better,j,247453,247452,better
392,open,v,247043,109760,open
392,open,v,247043,81302,opened
392,open,v,247043,27991,opens
392,open,v,247043,27990,opening
393,moment,n,246362,200186,moment
393,moment,n,246362,46162,moments
394,including,i,245445,245445,including
395,consider,v,244644,110596,consider
395,consider,v,244644,105148,considered
395,consider,v,244644,17399,considering
395,consider,v,244644,11501,considers
396,both,r,244397,244397,both
397,such,i,244165,244165,such
398,little,r,244049,244049,little
399,within,i,243714,243714,within
400,second,m,243485,243485,second
401,late,j,242755,140170,late
401,late,j,242755,65114,latest
401,late,j,242755,37471,later
402,street,n,242552,188599,street
402,street,n,242552,53953,streets
403,free,j,242338,240518,free
404,better,r,241827,241827,better
405,everyone,p,241313,241252,everyone
406,policy,n,240181,175619,policy
406,policy,n,240181,64562,policies
407,table,n,238887,215946,table
407,table,n,238887,22941,tables
408,sorry,j,237541,237311,sorry
409,care,n,237259,236433,care
410,low,j,237027,130830,low
410,low,j,237027,90630,lower
410,low,j,237027,15567,lowest
411,human,j,236187,236187,human
412,please,r,236175,236175,please
413,hope,v,235945,147228,hope
413,hope,v,235945,46166,hoping
413,hope,v,235945,26452,hoped
413,hope,v,235945,16099,hopes
415,process,n,235304,203892,process
415,process,n,235304,31412,processes
416,teacher,n,234642,127896,teachers
416,teacher,n,234642,106746,teacher
417,data,n,234516,234501,data
418,offer,v,234189,87332,offer
418,offer,v,234189,71567,offered
418,offer,v,234189,42663,offers
418,offer,v,234189,32627,offering
419,death,n,233153,207362,death
419,death,n,233153,25791,deaths
420,whole,j,233110,233110,whole
421,experience,n,232376,178536,experience
421,experience,n,232376,53840,experiences
422,plan,n,231629,159623,plan
422,plan,n,231629,72006,plans
423,easy,j,231262,163364,easy
423,easy,j,231262,60602,easier
423,easy,j,231262,7295,easiest
424,education,n,231036,230247,education
425,build,v,230071,92393,built
425,build,v,230071,92282,build
425,build,v,230071,37096,building
425,build,v,230071,8246,builds
426,expect,v,229855,100933,expect
426,expect,v,229855,93840,expected
426,expect,v,229855,21914,expecting
426,expect,v,229855,13168,expects
427,fall,v,229161,73326,fell
427,fall,v,229161,70336,fall
427,fall,v,229161,38929,falling
427,fall,v,229161,24425,fallen
427,fall,v,229161,22131,falls
428,himself,p,228757,228309,himself
429,age,n,228610,196589,age
429,age,n,228610,32021,ages
430,hard,j,228234,198220,hard
430,hard,j,228234,21322,harder
430,hard,j,228234,8692,hardest
431,sense,n,226539,216464,sense
431,sense,n,226539,9703,senses
432,across,i,226402,226402,across
433,show,n,225884,187869,show
433,show,n,225884,38015,shows
434,early,j,224665,178363,early
434,early,j,224665,36555,earlier
434,early,j,224665,9747,earliest
435,college,n,224634,198523,college
435,college,n,224634,26111,colleges
436,music,n,222767,222329,music
437,appear,v,221287,73910,appear
437,appear,v,221287,71152,appears
437,appear,v,221287,65512,appeared
437,appear,v,221287,10713,appearing
438,mind,n,220441,188684,mind
438,mind,n,220441,31757,minds
439,class,n,219160,168761,class
439,class,n,219160,50399,classes
440,police,n,219041,219000,police
441,use,n,218006,205665,use
441,use,n,218006,12341,uses
442,effect,n,217999,126424,effect
442,effect,n,217999,91575,effects
443,season,n,217695,190057,season
443,season,n,217695,27638,seasons
444,tax,n,217131,146047,tax
444,tax,n,217131,69910,taxes
445,heart,n,216345,193026,heart
445,heart,n,216345,23319,hearts
446,son,n,216216,188352,son
446,son,n,216216,27864,sons
447,art,n,215981,159436,art
447,art,n,215981,56545,arts
448,possible,j,213803,213793,possible
449,serve,v,213511,76615,serve
449,serve,v,213511,68005,served
449,serve,v,213511,40283,serving
449,serve,v,213511,28608,serves
450,break,v,213364,73020,break
450,break,v,213364,54242,broke
450,break,v,213364,36772,breaking
450,break,v,213364,33046,broken
450,break,v,213364,16284,breaks
451,although,c,212390,212390,although
452,end,v,212174,106661,end
452,end,v,212174,65475,ended
452,end,v,212174,22702,ends
452,end,v,212174,17336,ending
453,market,n,210848,163660,market
453,market,n,210848,47188,markets
454,even,c,210702,210702,even
455,air,n,210307,208389,air
456,force,n,210010,124831,force
456,force,n,210010,85179,forces
457,require,v,209616,76509,required
457,require,v,209616,63661,require
457,require,v,209616,53443,requires
457,require,v,209616,16003,requiring
458,foot,n,209334,149906,feet
458,foot,n,209334,59428,foot
459,up,i,209243,209243,up
460,listen,v,208819,137925,listen
460,listen,v,208819,44154,listening
460,listen,v,208819,21384,listened
460,listen,v,208819,5356,listens
461,agree,v,208506,125493,agree
461,agree,v,208506,63201,agreed
461,agree,v,208506,13748,agrees
461,agree,v,208506,6064,agreeing
462,according,i,208405,208405,according
463,anyone,p,207907,207907,anyone
464,baby,n,207577,176607,baby
464,baby,n,207577,30820,babies
465,wrong,j,206856,206843,wrong
466,love,n,206700,204394,love
467,cut,v,205886,160360,cut
467,cut,v,205886,28305,cutting
467,cut,v,205886,17221,cuts
468,decide,v,205447,117757,decided
468,decide,v,205447,62061,decide
468,decide,v,205447,13224,decides
468,decide,v,205447,12405,deciding
469,Republican,n,204793,107388,republican
469,Republican,n,204793,97405,republicans
470,full,j,204252,199887,full
471,behind,i,203530,203530,behind
472,pass,v,203033,94880,passed
472,pass,v,203033,71192,pass
472,pass,v,203033,21981,passing
472,pass,v,203033,14980,passes
473,interest,n,202642,145430,interest
473,interest,n,202642,57212,interests
474,sometimes,r,201833,201792,sometimes
475,security,n,201542,188561,security
475,security,n,201542,12981,securities
476,eat,v,201315,113415,eat
476,eat,v,201315,43624,eating
476,eat,v,201315,23604,ate
476,eat,v,201315,13069,eaten
476,eat,v,201315,7603,eats
477,report,v,201020,113387,reported
477,report,v,201020,37145,report
477,report,v,201020,29773,reports
477,report,v,201020,20715,reporting
478,control,n,200879,184672,control
478,control,n,200879,16207,controls
479,rate,n,200828,120197,rate
479,rate,n,200828,80631,rates
480,local,j,200668,200650,local
481,suggest,v,200560,68789,suggest
481,suggest,v,200560,53872,suggested
481,suggest,v,200560,53359,suggests
481,suggest,v,200560,24540,suggesting
482,report,n,200188,141987,report
482,report,n,200188,58201,reports
483,nation,n,200021,132633,nation
483,nation,n,200021,67388,nations
484,sell,v,198982,77056,sell
484,sell,v,198982,66662,sold
484,sell,v,198982,42951,selling
484,sell,v,198982,12313,sells
485,action,n,198530,137393,action
485,action,n,198530,61137,actions
486,support,v,198185,115637,support
486,support,v,198185,40657,supported
486,support,v,198185,22266,supporting
486,support,v,198185,19625,supports
487,wife,n,197306,182326,wife
487,wife,n,197306,14792,wives
488,decision,n,196426,130326,decision
488,decision,n,196426,66100,decisions
489,receive,v,196239,98142,received
489,receive,v,196239,61214,receive
489,receive,v,196239,25548,receiving
489,receive,v,196239,10591,receives
490,value,n,195639,120941,value
490,value,n,195639,74698,values
491,base,v,195474,187894,based
491,base,v,195474,5120,base
492,pick,v,195443,92579,pick
492,pick,v,195443,59901,picked
492,pick,v,195443,26221,picking
492,pick,v,195443,16742,picks
493,phone,n,194941,171931,phone
493,phone,n,194941,23008,phones
494,thanks,n,194839,194839,thanks
495,event,n,194748,98596,events
495,event,n,194748,96152,event
496,drive,v,194360,68079,drive
496,drive,v,194360,47870,driving
496,drive,v,194360,36452,drove
496,drive,v,194360,26394,driven
496,drive,v,194360,15562,drives
497,strong,j,193876,150122,strong
497,strong,j,193876,32208,stronger
497,strong,j,193876,11546,strongest
498,reach,v,193684,77070,reached
498,reach,v,193684,73599,reach
498,reach,v,193684,26541,reaching
498,reach,v,193684,16474,reaches
499,remain,v,193577,75459,remain
499,remain,v,193577,65026,remains
499,remain,v,193577,42938,remained
499,remain,v,193577,10154,remaining
500,explain,v,193276,86909,explain
500,explain,v,193276,49075,explained
500,explain,v,193276,38501,explains
500,explain,v,193276,18791,explaining
501,site,n,193251,135321,site
501,site,n,193251,57930,sites
502,hit,v,192969,150897,hit
502,hit,v,192969,24640,hitting
502,hit,v,192969,17432,hits
503,pull,v,192457,75260,pulled
503,pull,v,192457,67835,pull
503,pull,v,192457,29419,pulling
503,pull,v,192457,19943,pulls
504,church,n,191872,168990,church
504,church,n,191872,22806,churches
505,model,n,191448,131262,model
505,model,n,191448,60186,models
506,perhaps,r,191398,191398,perhaps
507,relationship,n,191344,136867,relationship
507,relationship,n,191344,54452,relationships
508,six,m,191200,190865,six
509,fine,j,190779,177947,fine
509,fine,j,190779,10046,finest
510,movie,n,190773,133102,movie
510,movie,n,190773,57671,movies
511,field,n,190489,149178,field
511,field,n,190489,41311,fields
512,raise,v,190353,77310,raised
512,raise,v,190353,63322,raise
512,raise,v,190353,31745,raising
512,raise,v,190353,17976,raises
513,less,r,190003,190003,less
514,player,n,189280,108363,players
514,player,n,189280,80917,player
515,couple,n,189272,168190,couple
515,couple,n,189272,21082,couples
516,million,m,188521,163158,million
516,million,m,188521,25363,millions
517,themselves,p,188414,187873,themselves
518,record,n,187057,120048,record
518,record,n,187057,67009,records
519,especially,r,186130,186077,especially
520,difference,n,185310,115985,difference
520,difference,n,185310,69325,differences
521,light,n,185287,137359,light
521,light,n,185287,47928,lights
522,development,n,185238,168322,development
522,development,n,185238,16916,developments
523,federal,j,185144,185029,federal
524,former,d,185057,185057,former
525,role,n,184483,155848,role
525,role,n,184483,28635,roles
526,pretty,r,183711,183711,pretty
527,myself,p,183232,183068,myself
528,view,n,182417,133118,view
528,view,n,182417,49299,views
529,price,n,181918,111785,price
529,price,n,181918,70128,prices
530,effort,n,181751,98004,effort
530,effort,n,181751,83747,efforts
531,nice,j,181568,175536,nice
532,quite,r,181432,181432,quite
533,along,i,181372,181372,along
534,voice,n,181328,151795,voice
534,voice,n,181328,29533,voices
535,finally,r,181233,181233,finally
536,department,n,181181,162909,department
536,department,n,181181,14758,departments
537,either,r,181133,181133,either
538,toward,i,180784,180784,toward
539,leader,n,180573,97179,leaders
539,leader,n,180573,83394,leader
540,because,i,178859,178859,because
541,photo,n,177976,130058,photo
541,photo,n,177976,47918,photos
542,wear,v,177786,64706,wearing
542,wear,v,177786,55698,wear
542,wear,v,177786,31016,wore
542,wear,v,177786,14418,worn
542,wear,v,177786,11948,wears
543,space,n,177126,160084,space
543,space,n,177126,17042,spaces
544,project,n,177076,122820,project
544,project,n,177076,54256,projects
545,return,v,176787,71676,return
545,return,v,176787,65141,returned
545,return,v,176787,25191,returning
545,return,v,176787,14779,returns
546,position,n,176578,137836,position
546,position,n,176578,38742,positions
547,special,j,176515,176515,special
548,million,n,175586,140954,million
548,million,n,175586,34632,millions
549,film,n,175442,137397,film
549,film,n,175442,38045,films
550,need,n,175440,110036,need
550,need,n,175440,65404,needs
551,major,j,175432,175432,major
552,type,n,173975,114239,type
552,type,n,173975,59736,types
553,town,n,173905,155230,town
553,town,n,173905,18675,towns
554,article,n,173819,134717,article
554,article,n,173819,39102,articles
555,road,n,173413,147818,road
555,road,n,173413,25595,roads
556,form,n,173161,123795,form
556,form,n,173161,49366,forms
557,chance,n,172820,143944,chance
557,chance,n,172820,28876,chances
558,drug,n,172756,99465,drug
558,drug,n,172756,73291,drugs
559,economic,j,172153,172153,economic
560,situation,n,171026,136885,situation
560,situation,n,171026,34141,situations
561,choose,v,170716,78967,choose
561,choose,v,170716,37625,chose
561,choose,v,170716,29773,chosen
561,choose,v,170716,16835,choosing
561,choose,v,170716,7265,chooses
562,practice,n,170654,121670,practice
562,practice,n,170654,48984,practices
563,cause,v,170629,63095,cause
563,cause,v,170629,62509,caused
563,cause,v,170629,25245,causing
563,cause,v,170629,19780,causes
564,happy,j,170573,158280,happy
564,happy,j,170573,8975,happier
565,science,n,170488,150338,science
565,science,n,170488,20150,sciences
566,join,v,170302,65306,join
566,join,v,170302,50239,joined
566,join,v,170302,38672,joining
566,join,v,170302,16085,joins
567,teach,v,169673,57872,teach
567,teach,v,169673,56163,taught
567,teach,v,169673,41711,teaching
567,teach,v,169673,13927,teaches
568,early,r,169653,84674,earlier
568,early,r,169653,84142,early
569,develop,v,168894,68778,developed
569,develop,v,168894,66762,develop
569,develop,v,168894,26513,developing
569,develop,v,168894,6761,develops
570,share,v,168892,92104,share
570,share,v,168892,34589,shared
570,share,v,168892,34213,sharing
570,share,v,168892,7986,shares
571,yourself,p,168841,159816,yourself
571,yourself,p,168841,8900,yourselves
572,carry,v,168820,65441,carry
572,carry,v,168820,49952,carried
572,carry,v,168820,35999,carrying
572,carry,v,168820,17427,carries
573,clear,j,168587,161102,clear
573,clear,j,168587,5974,clearer
574,brother,n,167417,118506,brother
574,brother,n,167417,45520,brothers
575,matter,n,167351,128116,matter
575,matter,n,167351,39235,matters
576,dead,j,167302,167083,dead
577,image,n,167053,95380,image
577,image,n,167053,71673,images
578,star,n,167036,98905,star
578,star,n,167036,68131,stars
579,cost,n,166775,94506,cost
579,cost,n,166775,72267,costs
580,simply,r,166556,166556,simply
581,post,n,166265,135198,post
581,post,n,166265,31067,posts
582,society,n,165769,150074,society
582,society,n,165769,15684,societies
583,picture,n,165703,103060,picture
583,picture,n,165703,62642,pictures
584,piece,n,165538,107405,piece
584,piece,n,165538,58133,pieces
585,paper,n,165070,126329,paper
585,paper,n,165070,38741,papers
586,energy,n,164622,160086,energy
587,personal,j,164270,164270,personal
588,building,n,164119,124674,building
588,building,n,164119,39430,buildings
589,military,j,163555,163555,military
590,open,j,163231,163231,open
591,doctor,n,163129,106334,doctor
591,doctor,n,163129,56795,doctors
592,activity,n,162943,82456,activities
592,activity,n,162943,80487,activity
593,exactly,r,162663,162663,exactly
594,American,n,162614,148452,americans
594,American,n,162614,14162,american
595,media,n,162177,161989,media
596,miss,v,162066,63607,miss
596,miss,v,162066,49898,missed
596,miss,v,162066,42918,missing
596,miss,v,162066,5643,misses
597,evidence,n,162050,161335,evidence
598,product,n,161999,83827,products
598,product,n,161999,78172,product
599,realize,v,161762,75679,realize
599,realize,v,161762,61929,realized
599,realize,v,161762,10975,realizing
599,realize,v,161762,7877,realizes
600,save,v,161469,94434,save
600,save,v,161469,40444,saved
600,save,v,161469,20871,saving
600,save,v,161469,5720,saves
601,arm,n,161185,89837,arms
601,arm,n,161185,71348,arm
602,technology,n,160819,132390,technology
602,technology,n,160819,28429,technologies
603,catch,v,160594,84008,caught
603,catch,v,160594,54199,catch
603,catch,v,160594,13311,catching
603,catch,v,160594,9053,catches
604,comment,n,160451,101911,comments
604,comment,n,160451,58533,comment
605,look,n,160145,144218,look
605,look,n,160145,12535,looks
606,term,n,160014,92883,term
606,term,n,160014,67131,terms
607,color,n,160011,121051,color
607,color,n,160011,32456,colors
608,cover,v,159606,59897,cover
608,cover,v,159606,59815,covered
608,cover,v,159606,24338,covering
608,cover,v,159606,15556,covers
609,describe,v,159521,73797,described
609,describe,v,159521,43491,describe
609,describe,v,159521,25121,describes
609,describe,v,159521,17112,describing
610,guess,v,159454,143970,guess
610,guess,v,159454,7468,guessing
610,guess,v,159454,7231,guessed
611,choice,n,159277,117117,choice
611,choice,n,159277,42160,choices
612,source,n,158588,94116,source
612,source,n,158588,64472,sources
613,mom,n,158511,148816,mom
613,mom,n,158511,9695,moms
614,soon,r,158194,138512,soon
614,soon,r,158194,19682,sooner
615,director,n,158028,139456,director
615,director,n,158028,18572,directors
616,international,j,157724,157709,international
617,rule,n,157468,92547,rules
617,rule,n,157468,64921,rule
618,campaign,n,157373,139965,campaign
618,campaign,n,157373,17408,campaigns
619,ground,n,156706,134804,ground
619,ground,n,156706,21902,grounds
620,election,n,156532,117197,election
620,election,n,156532,39335,elections
621,face,v,156455,68929,face
621,face,v,156455,39771,facing
621,face,v,156455,32740,faced
621,face,v,156455,15015,faces
622,uh,u,156333,156333,uh
623,check,v,155591,100568,check
623,check,v,155591,27315,checked
623,check,v,155591,20189,checking
623,check,v,155591,7519,checks
624,page,n,154863,103280,page
624,page,n,154863,49187,pages
625,fight,v,154643,70030,fight
625,fight,v,154643,49897,fighting
625,fight,v,154643,30224,fought
626,itself,p,154505,154505,itself
627,test,n,154189,104062,test
627,test,n,154189,50106,tests
628,patient,n,154125,106104,patients
628,patient,n,154125,48021,patient
629,produce,v,154082,60238,produce
629,produce,v,154082,57384,produced
629,produce,v,154082,21181,producing
629,produce,v,154082,15279,produces
630,certain,j,154059,154059,certain
631,whatever,d,153872,153871,whatever
632,half,d,153688,153686,half
633,video,n,153563,130615,video
633,video,n,153563,22948,videos
634,support,n,152769,148342,support
635,throw,v,152388,55237,throw
635,throw,v,152388,34126,threw
635,throw,v,152388,26736,throwing
635,throw,v,152388,25707,thrown
635,throw,v,152388,10459,throws
636,third,m,152339,152339,third
637,care,v,152255,110470,care
637,care,v,152255,18582,cares
637,care,v,152255,14023,cared
637,care,v,152255,9180,caring
638,rest,n,151864,149544,rest
639,recent,j,151697,151675,recent
640,available,j,151406,151375,available
641,step,n,151394,88021,step
641,step,n,151394,63370,steps
642,ready,j,151349,151242,ready
643,opportunity,n,151226,101077,opportunity
643,opportunity,n,151226,50149,opportunities
644,official,n,150423,122195,officials
644,official,n,150423,28228,official
645,oil,n,150410,145400,oil
645,oil,n,150410,5010,oils
646,call,n,149896,103656,call
646,call,n,149896,46240,calls
647,organization,n,149261,89012,organization
647,organization,n,149261,56033,organizations
648,character,n,148825,92060,character
648,character,n,148825,56765,characters
649,single,j,148796,148796,single
650,current,j,148387,148387,current
651,likely,j,148216,147641,likely
652,county,n,148165,132078,county
652,county,n,148165,16087,counties
653,future,n,147923,140874,future
653,future,n,147923,7049,futures
654,dad,n,147520,143758,dad
655,whose,d,147491,147491,whose
656,less,d,147290,147290,less
657,shoot,v,147137,70081,shot
657,shoot,v,147137,47190,shoot
657,shoot,v,147137,24466,shooting
657,shoot,v,147137,5396,shoots
658,industry,n,146746,125927,industry
658,industry,n,146746,20819,industries
659,second,n,146634,91160,second
659,second,n,146634,55474,seconds
660,list,n,146495,132213,list
660,list,n,146495,14282,lists
661,general,j,146275,146275,general
662,stuff,n,145992,145607,stuff
663,figure,n,145812,102969,figure
663,figure,n,145812,42842,figures
664,attention,n,145669,144742,attention
665,forget,v,145557,86958,forget
665,forget,v,145557,25696,forgot
665,forget,v,145557,23779,forgotten
665,forget,v,145557,6822,forgetting
666,risk,n,145334,116213,risk
666,risk,n,145334,29121,risks
667,no,r,144919,144919,no
668,focus,v,144896,58275,focus
668,focus,v,144896,50643,focused
668,focus,v,144896,21413,focusing
668,focus,v,144896,13685,focuses
669,short,j,144842,128579,short
669,short,j,144842,13987,shorter
670,fire,n,144750,130623,fire
670,fire,n,144750,14127,fires
671,dog,n,144648,98223,dog
671,dog,n,144648,46425,dogs
672,red,j,144046,143365,red
673,hair,n,143875,139313,hair
674,point,v,143750,44228,pointed
674,point,v,143750,40803,point
674,point,v,143750,34473,points
674,point,v,143750,24246,pointing
675,condition,n,143732,85754,conditions
675,condition,n,143732,57978,condition
676,wall,n,143389,96082,wall
676,wall,n,143389,47307,walls
677,daughter,n,142747,120331,daughter
677,daughter,n,142747,22400,daughters
678,before,r,142673,142673,before
679,deal,n,142589,126254,deal
679,deal,n,142589,16335,deals
680,author,n,142352,103950,author
680,author,n,142352,38402,authors
681,truth,n,142017,135063,truth
681,truth,n,142017,6954,truths
682,upon,i,141420,141420,upon
683,husband,n,141289,132326,husband
683,husband,n,141289,8939,husbands
684,period,n,141173,120746,period
684,period,n,141173,20427,periods
685,series,n,140231,140169,series
686,order,n,140025,108636,order
686,order,n,140025,31389,orders
687,officer,n,139938,79820,officer
687,officer,n,139938,60118,officers
688,close,j,139704,103513,close
688,close,j,139704,23109,closer
688,close,j,139704,13082,closest
689,land,n,139579,119821,land
689,land,n,139579,19758,lands
690,note,v,139111,55222,noted
690,note,v,139111,47450,note
690,note,v,139111,21838,notes
690,note,v,139111,14601,noting
691,computer,n,139082,108042,computer
691,computer,n,139082,31040,computers
692,thought,n,139016,82043,thought
692,thought,n,139016,56973,thoughts
693,economy,n,138752,126814,economy
693,economy,n,138752,11938,economies
694,goal,n,138693,83775,goal
694,goal,n,138693,54918,goals
695,bank,n,138673,91310,bank
695,bank,n,138673,47363,banks
696,behavior,n,138400,103078,behavior
696,behavior,n,138400,26597,behaviors
696,behavior,n,138400,7634,behaviour
697,sound,v,138386,67229,sounds
697,sound,v,138386,40647,sound
697,sound,v,138386,24066,sounded
697,sound,v,138386,6444,sounding
698,deal,v,138197,71625,deal
698,deal,v,138197,41904,dealing
698,deal,v,138197,15041,dealt
698,deal,v,138197,9611,deals
699,certainly,r,138162,138162,certainly
700,nearly,r,138034,138034,nearly
701,increase,v,137709,60846,increase
701,increase,v,137709,39821,increased
701,increase,v,137709,18558,increasing
701,increase,v,137709,18484,increases
702,act,n,137668,110139,act
702,act,n,137668,27528,acts
703,north,n,137666,137666,north
704,well,i,137599,137599,well
705,blood,n,137579,136845,blood
706,culture,n,137140,115415,culture
706,culture,n,137140,21725,cultures
707,medical,j,136850,136493,medical
708,OK,r,136788,136649,ok
709,everybody,p,136787,136497,everybody
710,top,n,136658,127911,top
710,top,n,136658,8733,tops
711,difficult,j,136474,136474,difficult
712,close,v,136431,57233,closed
712,close,v,136431,56155,close
712,close,v,136431,14572,closing
712,close,v,136431,8471,closes
713,language,n,136124,119827,language
713,language,n,136124,16297,languages
714,window,n,136043,90259,window
714,window,n,136043,45773,windows
715,response,n,135942,96431,response
715,response,n,135942,39511,responses
716,population,n,135733,111407,population
716,population,n,135733,24326,populations
717,lie,v,135712,45176,lying
717,lie,v,135712,44073,lie
717,lie,v,135712,27552,lies
717,lie,v,135712,17705,lied
718,tree,n,135666,69809,tree
718,tree,n,135666,65857,trees
719,park,n,135440,113267,park
719,park,n,135440,22173,parks
720,worker,n,135244,106787,workers
720,worker,n,135244,28457,worker
721,draw,v,135022,40961,draw
721,draw,v,135022,34823,drawn
721,draw,v,135022,27174,drew
721,draw,v,135022,20194,drawing
721,draw,v,135022,11843,draws
722,plan,v,135011,38768,plan
722,plan,v,135011,36073,planning
722,plan,v,135011,35594,planned
722,plan,v,135011,24576,plans
723,drop,v,134220,58293,dropped
723,drop,v,134220,46918,drop
723,drop,v,134220,17728,dropping
723,drop,v,134220,11281,drops
724,push,v,134206,48026,push
724,push,v,134206,44049,pushed
724,push,v,134206,33703,pushing
724,push,v,134206,8428,pushes
725,earth,n,134202,133301,earth
726,cause,n,133998,113175,cause
726,cause,n,133998,20823,causes
727,per,i,133974,133974,per
728,private,j,133907,133907,private
729,tonight,r,133341,133187,tonight
730,race,n,133182,112448,race
730,race,n,133182,20734,races
731,than,i,133168,133168,than
732,letter,n,132828,81504,letter
732,letter,n,132828,51324,letters
733,other,p,132728,132728,other
734,gun,n,132572,92042,gun
734,gun,n,132572,40530,guns
735,simple,j,132004,120667,simple
735,simple,j,132004,6848,simpler
736,course,n,131911,102333,course
736,course,n,131911,29578,courses
737,wonder,v,131649,57012,wonder
737,wonder,v,131649,37287,wondering
737,wonder,v,131649,31177,wondered
737,wonder,v,131649,6173,wonders
738,involve,v,131275,58026,involved
738,involve,v,131275,27488,involving
738,involve,v,131275,24486,involves
738,involve,v,131275,21275,involve
739,hell,n,131265,130635,hell
740,poor,j,131105,121321,poor
740,poor,j,131105,5210,poorer
741,each,p,130754,130754,each
742,answer,n,130534,92458,answer
742,answer,n,130534,38076,answers
743,nature,n,130378,129198,nature
744,administration,n,130297,126016,administration
745,common,j,130294,129980,common
746,no,p,130206,128084,no
747,hard,r,129919,109730,hard
747,hard,r,129919,18203,harder
748,message,n,129799,98485,message
748,message,n,129799,31314,messages
749,song,n,129648,85498,song
749,song,n,129648,44150,songs
750,enjoy,v,129575,71879,enjoy
750,enjoy,v,129575,32583,enjoyed
750,enjoy,v,129575,17229,enjoying
750,enjoy,v,129575,7884,enjoys
751,similar,j,129272,129272,similar
752,Congress,n,128923,128272,congress
753,attack,n,128893,79207,attack
753,attack,n,128893,49686,attacks
754,past,j,128832,128832,past
755,hot,j,128310,118207,hot
755,hot,j,128310,6351,hottest
756,seek,v,128234,44438,seek
756,seek,v,128234,39118,seeking
756,seek,v,128234,32153,sought
756,seek,v,128234,12496,seeks
757,amount,n,128075,106531,amount
757,amount,n,128075,21544,amounts
758,analysis,n,128029,109436,analysis
758,analysis,n,128029,18593,analyses
759,store,n,127984,87006,store
759,store,n,127984,40978,stores
760,defense,n,127924,120976,defense
760,defense,n,127924,6948,defenses
761,bill,n,127919,93613,bill
761,bill,n,127919,34306,bills
762,like,c,127828,127828,like
763,cell,n,127818,69441,cell
763,cell,n,127818,58377,cells
764,away,i,127427,127427,away
765,performance,n,127318,111663,performance
765,performance,n,127318,15655,performances
766,hospital,n,127317,102684,hospital
766,hospital,n,127317,24633,hospitals
767,bed,n,127232,114652,bed
767,bed,n,127232,12580,beds
768,board,n,127202,109729,board
768,board,n,127202,17473,boards
769,protect,v,126672,80820,protect
769,protect,v,126672,21506,protecting
769,protect,v,126672,17968,protected
769,protect,v,126672,6378,protects
770,century,n,126668,104115,century
770,century,n,126668,22553,centuries
771,summer,n,126418,121952,summer
772,material,n,126254,73702,material
772,material,n,126254,52552,materials
773,individual,n,125578,84195,individuals
773,individual,n,125578,41383,individual
774,recently,r,125532,125532,recently
775,example,n,125442,85246,example
775,example,n,125442,40196,examples
776,represent,v,125330,42271,represent
776,represent,v,125330,32453,represented
776,represent,v,125330,32003,represents
776,represent,v,125330,18474,representing
777,fill,v,125249,60134,filled
777,fill,v,125249,43248,fill
777,fill,v,125249,14921,filling
777,fill,v,125249,6946,fills
778,state,v,125064,56264,state
778,state,v,125064,34615,stated
778,state,v,125064,23986,states
778,state,v,125064,10199,stating
779,place,v,124900,53520,placed
779,place,v,124900,51248,place
779,place,v,124900,12260,placing
779,place,v,124900,7872,places
780,animal,n,124835,66744,animals
780,animal,n,124835,58091,animal
781,fail,v,124675,58619,failed
781,fail,v,124675,34092,fail
781,fail,v,124675,17300,failing
781,fail,v,124675,14664,fails
782,factor,n,123915,68259,factors
782,factor,n,123915,55656,factor
783,natural,j,123788,123788,natural
784,sir,n,123629,123227,sir
785,agency,n,123524,80553,agency
785,agency,n,123524,42971,agencies
786,usually,r,123303,123303,usually
787,significant,j,123040,123040,significant
788,help,n,123017,115487,help
788,help,n,123017,7530,helps
789,ability,n,122943,107097,ability
789,ability,n,122943,15846,abilities
790,mile,n,122899,98859,miles
790,mile,n,122899,24040,mile
791,statement,n,122852,86707,statement
791,statement,n,122852,36145,statements
792,entire,j,122397,122397,entire
793,Democrat,n,122325,90357,democrats
793,Democrat,n,122325,31968,democrat
794,floor,n,122291,110915,floor
794,floor,n,122291,11376,floors
795,serious,j,122251,122251,serious
796,career,n,122177,107643,career
796,career,n,122177,14534,careers
797,dollar,n,121984,86700,dollars
797,dollar,n,121984,35284,dollar
798,vote,v,121578,65796,vote
798,vote,v,121578,38915,voted
798,vote,v,121578,16151,voting
799,sex,n,121352,118001,sex
800,compare,v,120978,74744,compared
800,compare,v,120978,27191,compare
800,compare,v,120978,14093,comparing
801,south,n,120894,120894,south
802,forward,r,120845,120845,forward
803,subject,n,120773,80588,subject
803,subject,n,120773,40185,subjects
804,financial,j,120726,119858,financial
805,identify,v,120690,51134,identified
805,identify,v,120690,49051,identify
805,identify,v,120690,14576,identifying
805,identify,v,120690,5929,identifies
806,beautiful,j,120679,120672,beautiful
807,decade,n,120539,67250,decades
807,decade,n,120539,53289,decade
808,bit,n,120467,104813,bit
808,bit,n,120467,15654,bits
809,reduce,v,120399,58970,reduce
809,reduce,v,120399,30188,reduced
809,reduce,v,120399,22325,reducing
809,reduce,v,120399,8916,reduces
810,sister,n,120346,91199,sister
810,sister,n,120346,26905,sisters
811,quality,n,120236,106246,quality
811,quality,n,120236,13990,qualities
812,quickly,r,120136,120136,quickly
813,act,v,119650,57751,act
813,act,v,119650,36057,acting
813,act,v,119650,15485,acted
813,act,v,119650,10357,acts
814,press,n,119485,116928,press
815,worry,v,119256,80677,worry
815,worry,v,119256,30596,worried
816,accept,v,119245,63805,accept
816,accept,v,119245,35626,accepted
816,accept,v,119245,14109,accepting
816,accept,v,119245,5705,accepts
817,enter,v,119119,46721,enter
817,enter,v,119119,38966,entered
817,enter,v,119119,21667,entering
817,enter,v,119119,11765,enters
818,mention,v,119033,62345,mentioned
818,mention,v,119033,45431,mention
818,mention,v,119033,5675,mentioning
818,mention,v,119033,5582,mentions
819,sound,n,119028,93574,sound
819,sound,n,119028,25454,sounds
820,thus,r,118653,118653,thus
821,plant,n,118323,59354,plant
821,plant,n,118323,58969,plants
822,movement,n,118118,95004,movement
822,movement,n,118118,23098,movements
823,scene,n,118003,89948,scene
823,scene,n,118003,28055,scenes
824,section,n,117170,98217,section
824,section,n,117170,18953,sections
825,treatment,n,116893,100609,treatment
825,treatment,n,116893,16284,treatments
826,wish,v,116884,86050,wish
826,wish,v,116884,15467,wished
826,wish,v,116884,7999,wishes
826,wish,v,116884,7368,wishing
827,benefit,n,116806,79420,benefits
827,benefit,n,116806,37386,benefit
828,interesting,j,116773,116773,interesting
829,West,n,116683,116683,west
830,candidate,n,116347,63426,candidate
830,candidate,n,116347,52921,candidates
831,approach,n,116173,96291,approach
831,approach,n,116173,19882,approaches
832,determine,v,116138,56804,determine
832,determine,v,116138,41540,determined
832,determine,v,116138,11365,determining
832,determine,v,116138,6429,determines
833,resource,n,116078,92489,resources
833,resource,n,116078,23589,resource
834,claim,v,116020,37051,claim
834,claim,v,116020,34204,claimed
834,claim,v,116020,26657,claims
834,claim,v,116020,18108,claiming
835,answer,v,115956,65746,answer
835,answer,v,115956,33237,answered
835,answer,v,115956,8663,answering
835,answer,v,115956,8310,answers
836,prove,v,115910,54821,prove
836,prove,v,115910,28185,proved
836,prove,v,115910,15020,proven
836,prove,v,115910,9775,proves
836,prove,v,115910,8109,proving
837,sort,n,115486,94610,sort
837,sort,n,115486,20876,sorts
838,enough,d,115462,115462,enough
839,size,n,115388,100488,size
839,size,n,115388,14900,sizes
840,somebody,p,115363,115340,somebody
841,knowledge,n,115356,115113,knowledge
842,rather,r,115104,115104,rather
843,hang,v,114959,46283,hang
843,hang,v,114959,30191,hanging
843,hang,v,114959,27864,hung
843,hang,v,114959,8587,hangs
844,sport,n,114894,73677,sports
844,sport,n,114894,41217,sport
845,TV,n,114859,114808,tv
846,loss,n,114630,90740,loss
846,loss,n,114630,23890,losses
847,argue,v,114425,44214,argue
847,argue,v,114425,32401,argued
847,argue,v,114425,20175,arguing
847,argue,v,114425,17635,argues
848,left,j,114320,114310,left
849,note,n,114251,69552,note
849,note,n,114251,44699,notes
850,meeting,n,114209,80457,meeting
850,meeting,n,114209,33752,meetings
851,skill,n,113912,86423,skills
851,skill,n,113912,27489,skill
852,card,n,113472,70177,card
852,card,n,113472,43295,cards
853,feeling,n,113414,62083,feeling
853,feeling,n,113414,51331,feelings
854,despite,i,113257,113257,despite
855,degree,n,113046,73314,degree
855,degree,n,113046,39732,degrees
856,crime,n,112978,83017,crime
856,crime,n,112978,29961,crimes
857,that,r,112903,112903,that
858,sign,n,112603,63898,sign
858,sign,n,112603,48705,signs
859,occur,v,112575,43676,occurred
859,occur,v,112575,35802,occur
859,occur,v,112575,21880,occurs
859,occur,v,112575,10148,occurring
860,imagine,v,112572,85093,imagine
860,imagine,v,112572,18860,imagined
860,imagine,v,112572,5933,imagining
861,vote,n,112405,69221,vote
861,vote,n,112405,43184,votes
862,near,i,112214,112214,near
863,king,n,112088,101534,king
863,king,n,112088,10554,kings
864,box,n,112035,90354,box
864,box,n,112035,21681,boxes
865,present,v,111731,53101,presented
865,present,v,111731,30677,present
865,present,v,111731,18402,presents
865,present,v,111731,9551,presenting
866,figure,v,111647,64261,figure
866,figure,v,111647,34328,figured
866,figure,v,111647,7956,figuring
866,figure,v,111647,5102,figures
867,seven,m,111646,111350,seven
868,foreign,j,111509,111509,foreign
869,laugh,v,111440,32736,laughing
869,laugh,v,111440,31575,laughed
869,laugh,v,111440,26862,laugh
869,laugh,v,111440,20267,laughs
870,disease,n,111433,88722,disease
870,disease,n,111433,22638,diseases
871,lady,n,111384,72454,lady
871,lady,n,111384,38883,ladies
872,beyond,i,111221,111221,beyond
873,discuss,v,111181,47716,discuss
873,discuss,v,111181,36560,discussed
873,discuss,v,111181,20392,discussing
873,discuss,v,111181,6513,discusses
874,finish,v,111094,58563,finished
874,finish,v,111094,39818,finish
874,finish,v,111094,9095,finishing
875,design,n,111026,93062,design
875,design,n,111026,17963,designs
876,concern,n,110976,63609,concern
876,concern,n,110976,47355,concerns
877,ball,n,110770,88949,ball
877,ball,n,110770,21820,balls
878,East,n,110589,110589,east
879,recognize,v,110405,50649,recognize
879,recognize,v,110405,37252,recognized
879,recognize,v,110405,10396,recognizing
879,recognize,v,110405,8146,recognizes
880,apply,v,110328,48196,apply
880,apply,v,110328,33429,applied
880,apply,v,110328,14976,applying
880,apply,v,110328,13727,applies
881,prepare,v,110266,49198,prepared
881,prepare,v,110266,34511,prepare
881,prepare,v,110266,22057,preparing
882,network,n,110210,80234,network
882,network,n,110210,29976,networks
883,huge,j,110088,109898,huge
884,success,n,110030,102847,success
884,success,n,110030,7183,successes
885,district,n,109941,89915,district
885,district,n,109941,20026,districts
886,cup,n,109915,84283,cup
886,cup,n,109915,25632,cups
887,name,v,109851,81576,named
887,name,v,109851,22337,name
888,physical,j,109576,109576,physical
889,growth,n,109567,109080,growth
890,rise,v,109035,31524,rising
890,rise,v,109035,30450,rose
890,rise,v,109035,29391,rise
890,rise,v,109035,9069,rises
890,rise,v,109035,8601,risen
891,hi,u,108665,108665,hi
892,standard,n,107818,68511,standards
892,standard,n,107818,39307,standard
893,force,v,107636,58703,forced
893,force,v,107636,26871,force
893,force,v,107636,16012,forcing
893,force,v,107636,6050,forces
894,sign,v,107633,50330,signed
894,sign,v,107633,43222,sign
894,sign,v,107633,10773,signing
895,fan,n,107631,66402,fans
895,fan,n,107631,41229,fan
896,theory,n,107486,85835,theory
896,theory,n,107486,21651,theories
897,staff,n,107396,105386,staff
898,hurt,v,107262,79929,hurt
898,hurt,v,107262,14982,hurts
898,hurt,v,107262,12333,hurting
899,legal,j,107134,107134,legal
900,September,n,106932,76584,september
900,September,n,106932,30348,sept
901,set,n,106920,87283,set
901,set,n,106920,19637,sets
902,outside,i,106572,106572,outside
903,et,r,106546,106546,et
904,strategy,n,106236,66534,strategy
904,strategy,n,106236,39702,strategies
905,clearly,r,105965,105965,clearly
906,property,n,105851,79971,property
906,property,n,105851,25880,properties
907,lay,v,105812,53419,lay
907,lay,v,105812,34951,laid
907,lay,v,105812,12168,laying
907,lay,v,105812,5168,lays
908,final,j,105688,105688,final
909,authority,n,105586,65204,authority
909,authority,n,105586,40382,authorities
910,perfect,j,105560,105560,perfect
911,method,n,105544,54899,method
911,method,n,105544,50645,methods
912,region,n,105382,80099,region
912,region,n,105382,25283,regions
913,since,i,105367,105367,since
914,impact,n,105330,92974,impact
914,impact,n,105330,12356,impacts
915,indicate,v,105304,36021,indicated
915,indicate,v,105304,33610,indicate
915,indicate,v,105304,22123,indicates
915,indicate,v,105304,13550,indicating
916,safe,j,105273,94524,safe
916,safe,j,105273,7661,safer
917,committee,n,105133,94974,committee
917,committee,n,105133,10159,committees
918,supposed,j,105037,105037,supposed
919,dream,n,104797,65189,dream
919,dream,n,104797,39608,dreams
920,training,n,104563,103961,training
921,shit,n,104498,103861,shit
922,central,j,104403,104403,central
923,option,n,104245,52364,options
923,option,n,104245,51881,option
924,eight,m,104060,103554,eight
925,particularly,r,104018,104018,particularly
926,completely,r,103941,103941,completely
927,opinion,n,103920,76377,opinion
927,opinion,n,103920,27543,opinions
928,main,j,103803,103803,main
929,ten,m,103677,99389,ten
930,interview,n,103566,73533,interview
930,interview,n,103566,30033,interviews
931,exist,v,103550,53553,exist
931,exist,v,103550,29647,exists
931,exist,v,103550,19215,existed
932,remove,v,103480,44953,remove
932,remove,v,103480,41493,removed
932,remove,v,103480,12655,removing
933,dark,j,103384,92037,dark
933,dark,j,103384,7997,darker
934,play,n,103352,85611,play
934,play,n,103352,17741,plays
935,union,n,102805,83291,union
935,union,n,102805,19514,unions
936,professor,n,102741,84689,professor
936,professor,n,102741,12290,professors
936,professor,n,102741,5518,prof
937,pressure,n,102669,90672,pressure
937,pressure,n,102669,11997,pressures
938,purpose,n,102642,70805,purpose
938,purpose,n,102642,31837,purposes
939,stage,n,102611,84014,stage
939,stage,n,102611,18597,stages
940,blue,j,102172,102172,blue
941,herself,p,102154,102117,herself
942,sun,n,102043,98596,sun
943,pain,n,101918,95733,pain
943,pain,n,101918,6185,pains
944,artist,n,101861,55386,artist
944,artist,n,101861,46475,artists
945,employee,n,101818,71520,employees
945,employee,n,101818,30238,employee
946,avoid,v,101794,73461,avoid
946,avoid,v,101794,12774,avoided
946,avoid,v,101794,12373,avoiding
947,account,n,101683,68693,account
947,account,n,101683,32990,accounts
948,release,v,101668,63721,released
948,release,v,101668,24545,release
948,release,v,101668,8550,releasing
949,fund,n,101503,54020,funds
949,fund,n,101503,47483,fund
950,environment,n,101479,88256,environment
950,environment,n,101479,13223,environments
951,treat,v,101438,43575,treated
951,treat,v,101438,36383,treat
951,treat,v,101438,15634,treating
951,treat,v,101438,5846,treats
952,specific,j,101222,101222,specific
953,version,n,101091,81862,version
953,version,n,101091,19229,versions
954,shot,n,101016,66856,shot
954,shot,n,101016,34160,shots
955,hate,v,100757,67811,hate
955,hate,v,100757,19582,hated
955,hate,v,100757,10009,hates
956,reality,n,100700,91407,reality
956,reality,n,100700,9293,realities
957,visit,v,100463,53734,visit
957,visit,v,100463,27500,visited
957,visit,v,100463,15734,visiting
958,club,n,100411,82082,club
958,club,n,100411,18329,clubs
959,justice,n,100360,91875,justice
959,justice,n,100360,8485,justices
960,river,n,100270,89082,river
960,river,n,100270,11188,rivers
961,brain,n,100235,85116,brain
961,brain,n,100235,15119,brains
962,memory,n,100235,67097,memory
962,memory,n,100235,33138,memories
963,rock,n,100028,76173,rock
963,rock,n,100028,23855,rocks
964,talk,n,99986,70016,talk
964,talk,n,99986,29970,talks
965,camera,n,99855,74259,camera
965,camera,n,99855,25596,cameras
966,global,j,99848,99848,global
967,various,j,99838,99838,various
968,arrive,v,99819,56458,arrived
968,arrive,v,99819,22602,arrive
968,arrive,v,99819,10658,arriving
968,arrive,v,99819,10101,arrives
969,notice,v,99709,49446,noticed
969,notice,v,99709,39676,notice
969,notice,v,99709,5847,noticing
970,bit,r,99520,99520,bit
971,detail,n,99477,66483,details
971,detail,n,99477,32994,detail
972,challenge,n,99455,59330,challenge
972,challenge,n,99455,40125,challenges
973,argument,n,99403,69218,argument
973,argument,n,99403,30185,arguments
974,lot,r,99278,99278,lot
975,nobody,p,99029,99029,nobody
976,weapon,n,98828,66585,weapons
976,weapon,n,98828,32243,weapon
977,best,r,98807,98807,best
978,station,n,98720,73991,station
978,station,n,98720,24729,stations
979,island,n,98596,79458,island
979,island,n,98596,19138,islands
980,absolutely,r,98574,98574,absolutely
981,instead,r,98540,98540,instead
982,discussion,n,98359,75610,discussion
982,discussion,n,98359,22749,discussions
983,instead,i,98231,98231,instead
984,affect,v,98073,40435,affect
984,affect,v,98073,31319,affected
984,affect,v,98073,15038,affects
984,affect,v,98073,11281,affecting
985,design,v,97967,77574,designed
985,design,v,97967,11734,design
985,design,v,97967,8659,designing
986,little,d,97858,97858,little
987,anyway,r,97831,97795,anyway
988,respond,v,97750,46724,respond
988,respond,v,97750,28027,responded
988,respond,v,97750,16133,responding
988,respond,v,97750,6866,responds
989,control,v,97504,52660,control
989,control,v,97504,21832,controlled
989,control,v,97504,12889,controlling
989,control,v,97504,10077,controls
990,trouble,n,97439,88506,trouble
990,trouble,n,97439,8919,troubles
991,conversation,n,97193,74009,conversation
991,conversation,n,97193,23184,conversations
992,manage,v,97135,45862,managed
992,manage,v,97135,33466,manage
992,manage,v,97135,9365,managing
992,manage,v,97135,8442,manages
993,close,r,97117,52357,close
993,close,r,97117,40152,closer
994,date,n,97094,82542,date
994,date,n,97094,14552,dates
995,public,n,97031,96317,public
996,army,n,97025,90828,army
996,army,n,97025,6197,armies
997,top,j,96997,96997,top
998,post,v,96926,81141,posted
998,post,v,96926,11021,posting
999,charge,n,96872,50769,charges
999,charge,n,96872,46100,charge
1000,seat,n,96853,67583,seat
1000,seat,n,96853,29270,seats
